{"is_source_file": true, "format": "bash/shell script", "description": "This script detects the running database type (SQLite, PostgreSQL, MySQL, MongoDB) and creates a backup accordingly.", "external_files": ["/usr/lib/postgresql/", "/usr/lib/postgresql/${PG_VERSION}/bin", "/var/run/mysqld/mysqld.sock"], "external_methods": ["mysqladmin", "mysql", "mysqldump", "mongosh", "mongodump", "ls", "cp", "echo", "exit", "sudo"], "published": [], "classes": [], "methods": [], "calls": ["mysqladmin ping", "mysql -h", "mysqldump", "mongosh --port", "mongodump --port"], "search-terms": ["database backup", "SQLite", "PostgreSQL", "MySQL", "mongosh", "backup script", "shell script", "database detection"], "state": 2, "file_id": 6, "knowledge_revision": 12, "git_revision": "3372386f752573290961b6f682f2aff123877ae8", "hash": "7af9aa35fa4940f934d83f6e2621b732", "format-version": 4, "code-base-name": "habit_buddy_database", "filename": "habit_buddy_database/backup_db.sh", "revision_history": [{"12": "3372386f752573290961b6f682f2aff123877ae8"}]}