{"is_source_file": true, "format": "HTML", "description": "The file is an HTML webpage that serves as a UI for visualizing database contents. It includes embedded CSS styles for layout and appearance, as well as JavaScript code responsible for fetching database, table, and data information via API calls, and rendering the data in tabular form with interactive features such as expandable cells.", "external_files": ["/api/databases", "/api/{db}/tables", "/api/{db}/tables/{tableName}/data"], "external_methods": ["fetchData (fetch API calls within JavaScript)"], "published": [], "classes": [], "methods": [{"name": "loadDatabases", "description": "Fetches the list of databases and populates the sidebar"}, {"name": "refreshDatabases", "description": "Refreshes the database list and resets current selection"}, {"name": "toggleDatabase", "description": "Expands/collapses a database to show/hide its tables"}, {"name": "loadTables", "description": "Fetches and displays the list of tables for a selected database"}, {"name": "loadTableData", "description": "Loads data from a specific table and renders it in a table format"}, {"name": "renderTable", "description": "Creates an HTML table to display data records"}, {"name": "renderCell", "description": "Generates HTML for individual table cell contents, handling strings, objects, nulls, and long content"}, {"name": "expandCell", "description": "Handles expanding and collapsing cell content for long strings or objects"}], "calls": ["fetchData('/api/databases')", "fetchData(`/api/${db}/tables`)", "fetchData(`/api/${db}/tables/${tableName}/data?limit=50`)"], "search-terms": ["Database Viewer", "tables list", "Data visualization", "HTML UI", "JavaScript fetch API", "table data display", "expandable cells"], "state": 2, "file_id": 3, "knowledge_revision": 14, "git_revision": "3372386f752573290961b6f682f2aff123877ae8", "hash": "ee63333a4841bf025439c755a74c9881", "format-version": 4, "code-base-name": "habit_buddy_database", "filename": "habit_buddy_database/db_visualizer/public/index.html", "revision_history": [{"14": "3372386f752573290961b6f682f2aff123877ae8"}]}