{"is_source_file": false, "format": "", "description": "", "external_files": [], "external_methods": [], "published": [], "classes": [], "methods": [], "calls": [], "search-terms": [], "state": 2, "file_id": 8, "knowledge_revision": 18, "git_revision": "163f16e80a8a16f4d1773502b3feb8c8e3e2645f", "hash": "1ee347fa66a01c5dea180807c66f2827", "format-version": 4, "code-base-name": "habit_buddy_database", "filename": "habit_buddy_database/SCHEMA_VERIFICATION.md", "revision_history": [{"18": "163f16e80a8a16f4d1773502b3feb8c8e3e2645f"}]}