{"is_source_file": true, "format": "bash", "description": "A startup script for initializing, configuring, and managing a PostgreSQL database server, including environment setup, server startup, permission configuration, and connection information storage.", "external_files": ["/usr/lib/postgresql/", "/var/lib/postgresql/data", "db_connection.txt", "db_visualizer/postgres.env"], "external_methods": ["ls", "sudo -u postgres pg_isready", "pgrep", "sudo -u postgres psql", "initdb", "postgres", "createdb"], "published": [], "classes": [], "methods": [], "calls": ["ls", "sudo -u postgres pg_isready", "pgrep", "sudo -u postgres psql", "initdb", "postgres", "createdb"], "search-terms": ["PostgreSQL startup", "database initialization", "server check", "permission setup", "connection string", "postgres configuration"], "state": 2, "file_id": 5, "knowledge_revision": 13, "git_revision": "3372386f752573290961b6f682f2aff123877ae8", "hash": "fa2aa67ea0a7c72f7c0958282f15a864", "format-version": 4, "code-base-name": "habit_buddy_database", "filename": "habit_buddy_database/startup.sh", "revision_history": [{"13": "3372386f752573290961b6f682f2aff123877ae8"}]}