{"is_source_file": false, "format": "", "description": "", "external_files": [], "external_methods": [], "published": [], "classes": [], "methods": [], "calls": [], "search-terms": [], "state": 2, "file_id": 2, "knowledge_revision": 9, "git_revision": "3372386f752573290961b6f682f2aff123877ae8", "hash": "0c9f36dfd1a6dee9fa952c06ab7d9563", "format-version": 4, "code-base-name": "habit_buddy_database", "filename": "habit_buddy_database/db_visualizer/package.json", "revision_history": [{"9": "3372386f752573290961b6f682f2aff123877ae8"}]}