{"is_source_file": false, "format": "", "description": "", "external_files": [], "external_methods": [], "published": [], "classes": [], "methods": [], "calls": [], "search-terms": [], "state": 2, "file_id": 1, "knowledge_revision": 11, "git_revision": "3372386f752573290961b6f682f2aff123877ae8", "hash": "67505395c0df4c9c001ab8f47571f3fb", "format-version": 4, "code-base-name": "habit_buddy_database", "filename": "habit_buddy_database/restore_db.sh", "revision_history": [{"11": "3372386f752573290961b6f682f2aff123877ae8"}]}