{"is_source_file": false, "format": "", "description": "", "external_files": [], "external_methods": [], "published": [], "classes": [], "methods": [], "calls": [], "search-terms": [], "state": 2, "file_id": 7, "knowledge_revision": 10, "git_revision": "24149b042cc0c6135bde665965ca278b1e22757e", "hash": "f64a774699f237df1a70a7ff2073aabe", "format-version": 4, "code-base-name": "habit_buddy_database", "filename": "README.md", "revision_history": [{"10": "24149b042cc0c6135bde665965ca278b1e22757e"}]}